uniqueID,year_elected
Abbott1869,1913
Abbott1886,1925
Abbott1886,1931
Abbott1891,1940
Abbott1957,1994
Abel1939,1975
Adams1951,1993
Adermann1896,1949
Adermann1896,1943
Adermann1927,1984
Adermann1927,1972
Ahern1871,1913
Albanese1963,1996
Aldred1945,1983
Aldred1945,1990
Aldred1945,1975
Alexander1951,2010
Alexander1951,2018
Allan1916,1953
Allen1966,2019
Aly1967,2016
Anderson1956,1989
AndersonCharles1897,1949
AndersonCharles1897,1955
AndersonGordon1897,1949
Andren1946,1996
Andrew1944,1983
Andrews1900,1949
Andrews1955,1991
Andrews1960,2010
Anstey1865,1910
Anthony1897,1937
Anthony1929,1957
Anthony1961,1996
Archer1871,1906
Archer1975,2019
Archibald1852,1910
Armitage1920,1969
Armitage1920,1961
Armstrong1909,1965
Arthur1875,1913
Arthur1918,1966
AshleyBrown1915,1972
Aston1916,1955
Aston1916,1963
Atkinson1867,1906
Atkinson1948,1990
Badman1885,1937
Bailey1946,1990
Bailey1946,1996
Baillieu1937,1975
Baird1942,1998
Baker1873,1940
Baker1903,1934
Baker1903,1931
Baker1958,2004
Baldwin1951,1983
Baldwin1955,1996
Baldwin1955,2001
Bamford1849,1901
Bandidt1906,1958
Bandt1972,2010
Banks1962,2016
Barnard1890,1934
Barnard1919,1954
Barnes1901,1958
Barresi1955,1996
Bartlett1949,1996
Barton1849,1901
Barwick1903,1958
Batchelor1865,1903
Batchelor1865,1901
Bate1906,1949
Baume1930,1975
Bayley1882,1917
Beale1898,1946
Beale1934,1990
Beale1934,1984
Beard1866,1910
Beasley1895,1928
Beaton1925,1960
Beazley1917,1945
Beazley1948,1996
Beazley1948,1980
Beck1882,1940
Beddall1948,1983
Beddall1948,1984
Bell1872,1919
Bell1872,1925
Bell1968,2019
Bennett1872,1912
Bennett1874,1913
Bennett1933,1969
Benson1909,1962
Berinson1932,1969
Berry1907,1949
Best1856,1910
Bevis1955,1990
Bidgood1959,2007
Billson1966,1996
Bilney1939,1983
Bird1906,1949
Bird1962,2004
Birney1928,1975
Birrell1913,1963
Bishop1942,1994
Bishop1956,1998
Blackburn1880,1934
Blackburn1889,1946
Blacklow1879,1931
Blackwood1861,1903
Blain1894,1934
Blakeley1886,1917
Blanchard1929,1983
Bland1882,1951
Blewett1933,1977
Blundell1871,1919
Blunt1951,1984
Bonnett1916,1966
Bonython1848,1903
Bonython1848,1901
Bosman1924,1963
Bostock1892,1949
Bourchier1929,1972
Bourke1913,1949
Bowden1871,1906
Bowden1871,1919
Bowden1871,1922
Bowden1888,1943
Bowen1911,1964
Bowen1922,1969
Bowen1973,2010
Bowen1973,2004
Boyd1867,1913
Bradbury1976,2007
Braddon1829,1901
Braddon1829,1903
Bradfield1933,1975
Bradford1946,1990
Braithwaite1933,1975
Brand1888,1954
Breen1898,1940
Brennan1873,1911
Brennan1873,1934
Brereton1946,1990
BridgesMaxwell1929,1964
Briggs1977,2008
Brimblecombe1898,1951
Broad1975,2013
Broadbent1950,1990
Broadbent1950,1996
Broadbent1950,2004
Broadbent1950,2019
Brodtmann1963,2010
Brough1961,2013
Brough1961,1996
Brown1843,1906
Brown1861,1906
Brown1861,1901
Brown1894,1949
Brown1931,1977
Brown1933,1984
Brown1933,1980
Brown1940,1969
Brown1940,1975
Brown1940,1984
Brownbill1914,1966
Browne1924,1958
Bruce1883,1918
Bruce1883,1931
Bruce1884,1951
Brumby1953,1983
Bryant1914,1955
Bryson1898,1943
Bryson1898,1949
Buchanan1905,1955
Buchholz1968,2010
Bungey1934,1974
Burchell1883,1913
Burke1910,1943
Burke1966,1998
Burke1969,2004
Burney1957,2016
Burns1869,1913
Burns1933,1977
Burns1987,2019
Burr1939,1984
Burr1939,1975
Bury1913,1956
Butler1970,2007
Butler1970,2019
Butler1977,2014
Byrne1962,1999
Cadman1937,1974
Cairns1914,1969
Cairns1914,1955
Cairns1929,1963
Cairns1929,1974
Calder1916,1966
Calwell1896,1940
Cameron1851,1901
Cameron1851,1904
Cameron1873,1922
Cameron1879,1919
Cameron1895,1934
Cameron1900,1949
Cameron1913,1949
Cameron1917,1961
Cameron1930,1977
Cameron1938,1980
Cameron1940,1977
Cameron1940,1966
Cameron1940,1983
Cameron1965,1996
CameronEoin1951,1993
Campbell1939,1980
Campbell1972,2007
Cann1871,1910
Carige1938,1975
Carlton1935,1977
Carpenter1863,1903
Carr1875,1906
Casey1890,1931
Casey1890,1949
Cash1919,1958
Cass1927,1969
Catley1942,1990
Catts1877,1906
Causley1940,1996
Chalmers1978,2013
Chambers1897,1943
Champion1972,2007
Champion1972,2019
Chaney1914,1955
Chaney1941,1990
Chanter1845,1901
Chanter1845,1904
Chanter1845,1914
Chapman1864,1901
Chapman1949,1975
Charles1936,1990
Charles1948,1980
Charlesworth1952,1983
Charlton1866,1910
Cheeseman1976,2007
Chester1967,2008
Chesters1980,2013
Chifley1885,1928
Chifley1885,1940
Child1921,1974
Child1921,1980
Chipp1925,1960
Chipp1925,1969
Chresby1908,1958
Christensen1978,2010
Chynoweth1941,1984
Chynoweth1941,1993
Chynoweth1941,1983
Ciobo1974,2001
Clare1972,2007
Clarey1890,1949
Clark1897,1934
Clarke1857,1901
Clasby1891,1931
Clay1900,1958
Claydon1964,2013
Clayton1942,1974
Cleary1952,1992
Cleary1952,1993
Cleaver1917,1955
Cleeland1938,1984
Cleeland1938,1993
Coates1944,1972
Cobb1945,1984
Cobb1950,2007
Cobb1950,2001
Cockle1908,1961
Cohen1935,1969
Coker1962,2019
Coleman1892,1922
Coleman1928,1981
Coleman1974,2013
Coles1892,1940
Collard1912,1961
Collins1878,1928
Collins1886,1931
Collins1971,2007
Comber1919,1961
Combet1958,2007
Conaghan1971,2019
Conelan1895,1939
Connelly,2019
Connolly1939,1974
Connor1907,1963
Conquest1930,1984
Conroy1864,1901
Conroy1864,1913
Conroy1979,2013
Conroy1979,2016
Considine1885,1917
Cook1860,1901
Cook1868,1919
Cooke1847,1901
Cooke1938,1972
Coon1869,1906
Cope1907,1955
Cope1907,1969
Cope1907,1955
Corbett1906,1966
Corboy1896,1918
Corcoran1951,2000
Corser1852,1915
Corser1882,1928
Costa1900,1949
Costello1957,1990
Cotter1935,1975
Coulton1958,2007
Courtice1950,1987
Courtnay1903,1958
Coutts1908,1954
Coutts1908,1961
Cowan1926,1980
Cox1954,1998
Cramer1897,1949
Crawford1947,1987
Crean1916,1951
Crean1949,1990
Cremean1907,1949
Crewther1983,2016
Crook1959,2010
Crosio1939,1990
Cross1929,1961
Cross1929,1980
Crouch1868,1929
Crouch1868,1901
Cruickshank1853,1901
Culley1877,1928
Culpin1846,1903
Cunningham1889,1919
Cunningham1889,1929
Cunningham1939,1980
Cunningham1939,1993
Curtin1885,1928
Curtin1885,1934
Curtin1898,1955
Curtin1898,1949
Cusack1868,1929
Daly1912,1949
Daly1912,1943
Danby1955,1998
Dankel1864,1913
Dargavel1966,1997
Darling1936,1980
DAth1970,2007
Davidson1897,1946
Davidson1897,1949
Davies1884,1949
Davies1919,1958
Davis1900,1949
Dawkins1947,1977
Dawkins1947,1974
Deahm1938,1993
Deakin1856,1901
Dean1913,1949
Dean1942,1977
Debus1943,2007
Dedman1896,1940
Dein1889,1931
Dennis1870,1931
Devine1923,1963
Dick1972,2016
Dobie1927,1969
Dobie1927,1975
Dobie1927,1966
Dodd1953,1993
Dondas1939,1996
Downer1910,1949
Downer1951,1984
Doyle1922,1972
Drakeford1878,1934
Draper1959,1996
Dreyfus1956,2007
Drum1960,2016
Drum1960,2019
Drummond1890,1949
Drummond1931,1972
Drury1911,1949
Dubois1940,1984
Duffy1938,1980
Duncan1945,1984
DuncanHughes1882,1922
DuncanHughes1882,1940
Duthie1912,1946
Dutton1970,2001
Easson1955,1993
Edmonds1903,1946
Edwards1842,1901
Edwards1855,1910
Edwards1855,1901
Edwards1927,1972
Edwards1945,1983
Edwards1946,1998
Eggins1898,1949
Einfeld1909,1961
Eldridge1872,1929
Ellicott1927,1974
Elliot1967,2004
Elliott1954,1990
Ellis1946,1998
Ellis1946,1996
Ellis1977,2004
Elson1947,1996
Emerson1954,1998
Enderby1926,1970
Enderby1926,1974
England1911,1960
Entsch1950,1996
Entsch1950,2010
Erwin1917,1955
Evans1944,1996
Evans1981,2016
EvansMartyn1953,1994
EvansRichard1953,1993
Evatt1894,1940
Evatt1894,1958
Everingham1923,1967
Everingham1923,1977
Everingham1943,1984
Ewert1918,1952
Ewing1856,1901
Fadden1894,1936
Fadden1894,1949
Fahey1945,1996
Failes1899,1949
Fairbairn1855,1906
Fairbairn1897,1933
Fairbairn1917,1949
Fairhall1909,1949
Falconer1943,1975
Falinski1970,2016
Falkinder1921,1946
Falkiner1867,1917
Falkiner1867,1913
Falstein1914,1940
Farmer1962,2001
Fatin1941,1984
Fatin1941,1983
Fawcett1963,2004
Feeney1970,2013
Fenton1864,1910
Ferguson1952,1990
Ferguson1952,2010
Ferguson1953,1996
Ferguson1974,2004
Fife1929,1975
Fife1929,1984
Filing1955,1990
Finlayson1867,1910
Fischer1946,1984
Fisher1862,1901
Fisher1936,1972
Fisken1897,1934
Fitzgerald1910,1949
Fitzgibbon1936,1984
Fitzgibbon1962,1996
FitzPatrick1915,1969
FitzPatrick1915,1977
Fleming1874,1913
Fletcher1965,2009
Flint1978,2016
Foley1872,1920
Forbes1923,1956
Ford1936,1990
Forde1890,1922
Forrest1847,1901
Forrest1949,1993
Foster1856,1909
Foster1872,1906
Foster1921,1969
Fowler1865,1901
Fox1912,1955
Foxton1849,1906
Francis1873,1925
Francis1881,1919
Francis1890,1922
Fraser1902,1943
Fraser1902,1969
Fraser1908,1951
Fraser1930,1955
Frazer1880,1903
Free1943,1984
Free1943,1980
Freelander1953,2016
Freeth1914,1949
Frost1882,1929
Frost1882,1934
Fry1920,1974
Frydenberg1971,2010
Fuller1861,1901
Fuller1893,1943
Fuller1893,1951
Fuller1893,1961
Fulton1909,1958
Fysh1835,1903
Fysh1835,1901
Gabb1882,1919
Gabb1882,1929
Gaha1894,1943
Gallus1943,1990
Gallus1943,1993
Galvin1911,1951
Gambaro1958,2010
Gambaro1958,1996
Gander1888,1931
Garden1882,1934
Gardner1884,1922
Garland1934,1969
Garrett1953,2004
Garrick1918,1969
Gash1944,1996
Gayler1943,1983
Gear1947,1984
Gear1947,1983
Gee1968,2016
Gellibrand1872,1925
Georganas1959,2019
Georganas1959,2004
Georganas1959,2016
George1947,2001
Georgiou1947,1994
Gerick1963,1998
Gibb1843,1903
Gibbons1887,1929
Gibbons1949,1998
Gibbs1922,1963
Gibson1869,1918
Gibson1869,1931
Gibson1935,1964
Gibson1954,1990
Giles1923,1964
Giles1923,1977
Giles1973,2013
Gillard1920,1975
Gillard1961,1998
Gillespie1957,2013
Gilmore1908,1949
Glynn1855,1903
Glynn1855,1901
Goodenough1975,2013
Goodluck1933,1975
Gordon1865,1911
Gorman1926,1983
Gorman1926,1984
Gorman1984,2018
Gorton1911,1968
Gosling1971,2016
Grace1931,1984
Grace1940,1996
Graham1919,1966
Graham1919,1949
Graham1919,1955
Grassby1926,1969
Gray1908,1961
Gray1958,2007
Grayden1920,1949
Green1869,1922
Green1885,1922
Greenup1902,1953
Gregory1860,1913
Gregory1860,1922
Grierson1951,2001
Griffin1960,1996
Griffin1960,1993
Griffiths1903,1949
Griffiths1952,1983
Griggs1969,2010
Groom1833,1901
Groom1852,1901
Groom1867,1901
Groom1867,1931
Groom1944,1975
Gullett1878,1925
Gullett1914,1946
Gun1936,1969
Guy1890,1929
Guy1890,1940
Haase1945,2010
Haase1945,1998
Hadley1893,1943
Haines1961,2019
Halbert1910,1958
Hale1969,2007
Hall1874,1906
Hall1928,1981
Hall1949,1998
Hallett1917,1963
Halverson1937,1984
Hamer1923,1969
Hamer1923,1975
Hamilton1899,1949
Hamilton1899,1946
Hamilton1979,2020
Hammond1968,2019
Hammond1975,2016
Hampson1864,1915
Hand1942,1983
Handby1903,1949
Hannan1873,1913
Hansen1922,1961
Hanson1954,1996
Hardgrave1960,1996
Harding1921,1961
Harper1842,1901
Harris1937,1980
Harrison1880,1931
Harrison1892,1931
Harrison1903,1949
Hart1960,2016
Hartnoll1841,1902
Hartsuyker1959,2001
Harvey1946,1987
Haslem1939,1975
Hasluck1905,1949
Hastie1982,2015
Hatton1951,1996
Haviland1952,1993
Hawke1929,1980
Hawke1977,2007
Hawker1894,1929
Hawker1949,1983
Haworth1905,1949
Hay1865,1919
Hayden1933,1961
Hayes1955,2010
Hayes1955,2005
Haylen1898,1943
Hedges1856,1906
Heitmann1878,1917
Henderson1964,2013
Hendy1962,2013
Henry1946,2004
Henzell1948,1993
Hewson1914,1972
Hewson1946,1987
Hicks1940,1980
Hicks1940,1993
Hicks1940,1984
Higgins1851,1901
Higgs1862,1910
Hill1866,1919
Hill1973,2016
Hoare1963,1998
Hockey1965,1996
Hodges1937,1974
Hodges1937,1984
Hodgman1938,1975
Hogan1963,2013
Holder1850,1901
Holder1850,1903
Holding1931,1977
Hollis1938,1983
Hollis1938,1984
Holloway1875,1929
Holloway1875,1931
Holman1871,1931
Holt1908,1935
Holt1908,1949
Holt1914,1955
Holten1922,1958
Horne1939,1993
Horne1939,1998
Howard1939,1974
Howarth1972,2013
Howe1861,1910
Howe1936,1977
Howroyd1867,1917
Howse1863,1922
Howse1913,1946
Howson1919,1969
Howson1919,1955
Hughes1862,1917
Hughes1862,1949
Hughes1862,1922
Hughes1862,1901
Hughes1923,1969
Hughes1923,1963
Hull1954,1998
Hulls1957,1990
Hulme1907,1949
Hulme1907,1963
HumeCook1866,1901
Humphreys1934,1977
Hunt1928,1969
Hunt1965,2001
Hunter1882,1921
Hurford1931,1969
Hurry1868,1922
Husar1980,2016
Husic1970,2010
Hutchin1887,1931
Hutchinson1904,1937
Hutchinson1904,1931
Hutchinson1965,2013
Hutchison1859,1903
Hyde1936,1974
Innes1925,1972
Irons1958,2007
Irvine1856,1906
Irvine1858,1906
Irwin1898,1963
Irwin1951,1998
Isaacs1855,1901
Jack1892,1949
Jackson1889,1919
Jackson1962,2001
Jackson1962,2007
Jacobi1928,1969
Jakobsen1947,1984
James1885,1928
James1914,1960
Jarman1923,1966
Jeanes1958,1996
Jenkins1925,1969
Jenkins1952,1986
Jennings1878,1931
Jennings1878,1934
Jensen1865,1910
Jensen1962,2004
Jess1922,1960
Jessop1927,1966
Johns1952,1987
Johnson1862,1903
Johnson1871,1910
Johnson1889,1940
Johnson1924,1955
Johnson1924,1969
Johnson1929,1969
Johnson1943,1975
Johnson1970,2001
Johnston1930,1977
Johnston1943,1996
Jolley1874,1914
Jolly1882,1937
Jones1878,1928
Jones1917,1958
Jones1944,1966
Jones1960,2010
Jones1965,2010
Jones1965,2016
JonesBarry1932,1977
Joshua1906,1951
Joske1895,1951
Jowett1858,1917
Joyce1967,2013
Joyce1967,2017
Jull1944,1975
Jull1944,1984
Katter1918,1966
Katter1945,1993
Keane1881,1929
Kearney1903,1956
Kearney1963,2018
Kearney1963,2019
Keating1944,1969
Keay1975,2016
Keay1975,2018
Keenan1972,2004
Kekwick1910,1949
Kelly1877,1903
Kelly1912,1958
Kelly1948,1980
Kelly1954,1996
Kelly1960,2007
Kelly1960,2016
Kelly1963,2010
Kelly1964,1996
Kelly1964,1996
Kemp1941,1990
Kendell1851,1913
Kennedy1860,1901
Kennedy1940,1969
Kent1927,1980
KentHughes1895,1949
Keogh1931,1969
Keogh1931,1983
Keogh1981,2016
Keon1915,1949
Kerby1885,1919
Kerin1937,1972
Kerin1937,1978
Kernot1948,1998
Kerr1952,1987
Khalil1973,2016
Killen1860,1922
Killen1925,1955
King1920,1958
King1952,2001
King1966,2001
King1973,2016
Kingston1850,1903
Kingston1850,1901
Kirwan1869,1901
Kirwan1937,1969
Klugman1924,1969
Knott1956,1993
Knox1850,1901
Lacey1887,1922
Lamb1939,1972
Lamb1939,1984
Lamb1972,2016
Lamb1972,2018
Lambert1881,1921
Laming1966,2004
Lamond1865,1917
Landry1962,2013
Lane1873,1931
Lang1876,1946
Langmore1939,1984
Langtry1880,1940
Latham1877,1922
Latham1961,1994
Laundy1971,2013
Lavarch1961,1993
Lavarch1961,1987
Lavelle1887,1919
Lawler1961,1998
Lawrence1906,1949
Lawrence1948,1994
Lawson1880,1931
Lawson1897,1931
Lazzarini1894,1919
Lazzarini1894,1934
Leckie1872,1917
Lee1856,1903
Lee1920,1966
Lee1957,1984
Leeser1976,2016
Leigh1972,2016
Leigh1972,2010
Lemmon1908,1943
Lemmon1908,1954
Leslie1900,1949
Leslie1900,1961
Lewis1882,1929
Ley1879,1925
Ley1961,2001
Liddell1862,1903
Lieberman1938,1993
Lindsay1905,1954
Lindsay1942,1983
Lindsay1944,1996
Lister1875,1917
Littleproud1976,2016
Liu1964,2019
Livermore1969,1998
Livingston1856,1906
Lloyd1937,1971
Lloyd1954,1996
Long1885,1928
Lonsdale1843,1903
Luchetti1904,1951
Luck1900,1955
Luck1900,1951
Lucock1916,1952
Lusher1945,1974
Lynch1862,1914
Lynch1933,1966
Lyne1844,1901
Lyons1879,1929
Lyons1897,1943
Lyons1953,2010
MacdonaldPaterson1844,1901
Macfarlane1955,1998
Mack1933,1990
Mackay1872,1917
Mackay1919,1963
MacKellar1938,1969
MacKenzie1941,1975
Mackinnon1903,1953
Mackinnon1903,1949
Macklin1953,1996
Macphee1938,1974
Macphee1938,1984
MacTiernan1953,2013
Maher1936,1982
Mahon1857,1901
Mahon1857,1913
Mahon1857,1919
Mahoney1892,1934
Mahony1877,1915
Maisey1915,1963
Makin1889,1955
Makin1889,1919
Makin1889,1954
Maloney1854,1904
Manifold1867,1901
Manifold1867,1913
Mann1874,1922
Manning1872,1922
Marek1964,1996
Marino1954,2007
Marks1875,1919
Markus1958,2004
Markus1958,2010
Marles1967,2007
Marr1880,1919
Marr1880,1931
Martens1874,1928
Martin1920,1969
Martin1948,1993
Martin1948,1984
Martin1977,2019
Martyr1932,1975
Marwick1895,1940
MassyGreene1874,1910
Matheson1958,2010
Mathews1865,1906
Mathews1935,1972
Mauger1857,1906
Mauger1857,1901
Maxwell1859,1917
May1950,1998
Mayer1932,1983
McArthur1937,1984
McBain1982,2020
McBride1892,1931
McBride1892,1946
McBride1975,2016
McCall1908,1934
McCay1864,1901
McClelland1875,1931
McClelland1958,1996
McColl1844,1901
McColm1914,1949
McCormack1964,2010
McDonald1861,1901
McDonald1872,1922
McDonald1888,1940
McDougall1867,1906
McDougall1946,1996
McEacharn1852,1901
McEwen1900,1934
McEwen1900,1937
McEwen1900,1949
McFarlane1944,1998
McGauran1955,1983
McGowan1953,2013
McGrath1872,1913
McGrath1872,1920
McGuren1909,1961
McHugh1892,1938
McHugh1934,1993
McHugh1934,1983
McIntosh1977,2019
McIvor1900,1955
McKenzie1933,1972
McKew1953,2007
McLachlan1936,1990
McLean1840,1901
McLean1863,1901
McLean1944,1975
McLeay1893,1949
McLeay1922,1966
McLeay1945,1979
McLeay1945,1993
McLeod1892,1940
McLeod1892,1951
McMahon1908,1949
McMahon1930,1975
McMillan1850,1901
McMullan1947,1996
McMullan1947,1998
McNamara1964,2013
McNeill1868,1922
McNeill1868,1929
McNeill1921,1961
McNicoll1877,1931
McTiernan1892,1929
McVeigh1930,1972
McVeigh1930,1984
McVeigh1965,2016
McWilliams1856,1903
McWilliams1856,1928
Melham1954,1990
Menzies1894,1934
Mildren1932,1980
Miles1947,1984
Millar1925,1974
Milton1928,1980
Minogue1893,1949
Mirabella1968,2001
MitchellBrian1967,2016
MitchellRobert1967,2010
Moloney1876,1919
Moloney1876,1910
Moloney1876,1914
Monaghan1921,1961
Moore1936,1975
Morgan1881,1929
Morgan1897,1940
Morgan1897,1949
Morris1932,1972
Morris1940,1983
Morrison1928,1969
Morrison1928,1980
Morrison1968,2007
Mortimer1912,1963
Morton1981,2016
Mossfield1935,1996
Mountford1933,1980
Mountjoy1906,1943
Moylan1944,1993
Mulcahy1882,1934
Mulder1928,1972
Mulino1969,2019
Mullens1896,1949
Munro1930,1966
Murphy1950,1998
Murphy1950,2010
Murphy1973,2019
Murray1915,1958
Mutch1956,1996
Nairn1879,1929
Nairn1951,1996
Neal1963,2007
Nehl1934,1984
Neil1944,1975
Nelson1881,1922
Nelson1908,1949
Nelson1958,1996
Neumann1961,2007
Neville1940,1993
Newell1952,1990
Newman1933,1975
Nicholls1885,1917
Nicholls1917,1963
Nikolic1961,2013
Nixon1928,1961
Nock1879,1931
Nott1888,1949
Nott1888,1925
Nugent1938,1990
Oakeshott1969,2008
OBrien1926,1961
OBrien1972,2016
OBrien1974,2016
OByrne1968,1998
OConnor1910,1955
OConnor1910,1949
OConnor1910,1946
OConnor1947,1993
OConnor1962,2001
OConnor1962,2004
ODowd1950,2010
ODwyer1977,2009
OKeefe1864,1922
OKeefe1912,1969
OKeefe1947,1984
Oldmeadow1924,1972
Olley1927,1972
OMalley1854,1903
OMalley1854,1901
ONeil1937,1983
ONeil1980,2013
ONeill1961,2010
Opperman1904,1949
Orchard1871,1913
Organ1956,2002
Osborne1909,1949
OToole1956,2016
Owens1958,2004
Ozanne1877,1910
Ozanne1877,1914
Page1861,1901
Page1880,1919
Palmer1859,1906
Palmer1859,1907
Palmer1954,2013
Parke1966,2007
Parkhill1879,1927
Parsons1881,1925
Pasin1977,2013
Paterson1844,1901
Paterson1882,1922
Patten1859,1913
Patterson1927,1966
Payne1982,2019
Peacock1939,1966
Pearce1917,1949
Pearce1963,2001
Pearce1967,2019
Pearsall1920,1966
Perkins1878,1926
Perkins1878,1931
Perrett1966,2007
Peters1897,1949
Peters1897,1955
Pettitt1910,1963
Phelps1957,2018
Phillips1855,1901
Phillips1970,2019
Piesse1848,1901
Pigott1866,1913
Pitt1969,2013
Pittard1902,1949
Plibersek1969,1998
Pollard1894,1937
Pollard1894,1949
Porter1950,1975
Porter1970,2013
Poynton1853,1903
Poynton1853,1901
Pratt1948,1988
Pratten1865,1922
Pratten1865,1921
Pratten1899,1928
Prentice1953,2010
Price1882,1928
Price1892,1941
Price1945,1984
Price1963,2013
Prosser1948,1987
Prowse1871,1922
Prowse1871,1919
Punch1957,1983
Pyne1967,1993
Quick1852,1901
Quick1941,1993
Raguse1960,2007
Ramsey1956,2007
Randall1953,2001
Randall1953,1996
Rankin1887,1937
Rea1963,2007
Reeves1952,1983
Reid1845,1901
Reid1845,1903
Reid1916,1969
ReidNicholas1935,1990
Reith1950,1982
Reith1950,1984
Reynolds1923,1958
Reynolds1923,1969
Richardson1939,1975
Richardson1958,2004
Riggall1941,1990
Riley1859,1910
Riley1892,1922
Riordan1886,1929
Riordan1908,1936
Riordan1930,1972
Ripoll1966,1998
Rishworth1978,2007
Robb1951,2004
Robert1970,2007
Roberton1900,1949
Roberts1869,1908
Robinson1872,1903
Robinson1927,1963
Robinson1927,1984
Robinson1929,1972
Rocher1936,1981
Rodgers1875,1913
Rodgers1875,1925
Ronald1861,1901
Ronaldson1954,1990
Rosevear1892,1931
Rowe1872,1929
Rowland1971,2010
Roxon1967,1998
Roy1990,2010
Rudd1957,1998
Ruddock1943,1993
Ruddock1943,1977
Ruddock1943,1973
Russell1890,1943
Russell1907,1949
Ryan1876,1919
Ryan1884,1940
Ryan1961,2013
Ryrie1865,1911
Ryrie1865,1922
Saffin1954,2007
Sainsbury1940,1975
Salmon1861,1915
Salmon1861,1901
Sampson1863,1906
Saunderson1948,1984
Saunderson1948,1983
Sawers1844,1901
Sawford1944,1988
Scholes1931,1967
Scholfield1894,1931
Schultz1939,1998
Sciacca1947,1987
Sciacca1947,1998
Scott1934,1980
Scott1943,1990
Scott1947,1988
Scott1977,2013
Scullin1876,1910
Scullin1876,1922
Scully1890,1937
Seabrook1867,1922
Secker1956,1998
Sercombe1949,1996
Sexton1905,1958
Shack1953,1977
Shack1953,1984
Sharkie1972,2016
Sharkie1972,2018
Sharma1975,2019
Sharp1954,1984
Sharp1954,1993
Sharpe1868,1913
Shaw1913,1963
Sheehan1891,1937
Sheehy1899,1943
Sherry1924,1969
Shipton1936,1975
Short1936,1975
Short1956,2001
Shorten1967,2007
Sidebottom1951,1998
Sidebottom1951,2007
Simmonds1985,2019
Simmons1947,1983
Simon1936,1975
Simpkins1964,2007
Sinclair1864,1906
Sinclair1929,1963
Skene1845,1901
Slipper1950,1984
Slipper1950,1993
Smith1851,1901
Smith1856,1901
Smith1881,1943
Smith1939,1993
Smith1950,1996
Smith1954,1984
Smith1954,1996
Smith1955,1993
Smith1967,2001
Smith1970,2019
SmithWilliam1869,1910
Smyth1959,1995
Smyth1976,2010
Snedden1926,1955
Snow1934,1983
Snowdon1950,2001
Snowdon1950,1987
Snowdon1950,1998
Solomon1839,1901
Solomon1853,1901
Solomon1931,1969
Somlyay1946,1990
Southcott1967,1996
Spence1846,1901
Spence1846,1917
Spender1897,1937
Spender1935,1980
Spooner1891,1940
Spurr1897,1939
Stacey1879,1931
Staley1939,1970
Stanley1961,2016
Staples1947,1983
Staples1947,1984
StClair1949,1998
Steedman1943,1983
Steggall1974,2019
Stevens1983,2019
Stewart1884,1931
Stewart1885,1919
Stewart1923,1977
Stewart1923,1953
StJohn1916,1966
Stokes1906,1955
Stone1951,1996
Storrer1854,1903
Story1857,1917
Street1894,1934
Street1926,1966
Stumm1853,1913
Sudmalis1955,2013
Sukkar1981,2013
Sullivan1929,1974
Sullivan1942,1984
Sullivan1950,2007
Swan1954,1993
Swan1954,1998
Swanson1970,2016
Swartz1911,1949
Symon1965,2007
Tambling1943,1980
Tanner1956,1993
Taylor1938,1988
Taylor1966,2013
Tehan1968,2010
Templeman1963,2016
Theodore1884,1927
Theophanous1946,1980
Theophanous1946,1984
Thistlethwaite1972,2013
Thomas1863,1901
Thompson1885,1922
Thompson1886,1946
Thompson1886,1949
Thompson1960,1998
Thompson1988,2019
Thomson1848,1901
Thomson1856,1903
Thomson1862,1906
Thomson1924,1975
Thomson1955,1996
Thomson1961,1995
Thomson1964,2007
Thorburn1930,1972
Thorby1888,1931
Thwaites1980,2019
Ticehurst1945,2001
Tickner1951,1984
Timson1909,1949
Tollner1966,2001
Townley1907,1949
Treloar1892,1949
Trevor1961,2007
Truss1948,1990
Tuckey1935,1980
Tudge1971,2010
Tudor1866,1901
Tully1877,1928
Turnbull1899,1949
Turnbull1899,1946
Turnbull1954,2004
Turner1851,1901
Turner1905,1952
Turnour1966,2007
Uren1921,1958
Vaile1956,1993
Vale1944,1996
Vamvakinou1959,2001
vanManen1965,2010
Varvaris1974,2013
Vasta1966,2004
Vasta1966,2010
Viner1933,1972
Wakelin1946,1993
Walker1942,1990
Wallace1881,1917
Wallace1968,2016
Wallis1922,1969
Ward1899,1931
Ward1899,1932
Washer1945,1998
Watkins1865,1901
Watkins1896,1935
Watson1864,1922
Watson1864,1931
Watson1867,1901
Watson1867,1906
Watson1945,1984
Watt1871,1914
Watts1982,2013
Webb1908,1955
Webb1908,1961
Webb1908,1954
Webster1860,1903
Webster1934,1984
Webster1959,2019
Wells1949,1983
Wells1985,2019
Wentworth1907,1949
West1852,1910
West1934,1977
West1952,1996
Whan1933,1972
Wheeler1909,1949
White1888,1929
White1936,1981
Whiteley1960,2013
Whitlam1916,1952
Whitlam1944,1975
Whitsitt1869,1922
Whittorn1911,1960
Wicks1973,2013
Wienholt1877,1919
Wight1914,1949
Wilkie1959,1998
Wilkie1961,2010
Wilkie1961,2019
Wilkinson1854,1901
Wilks1863,1901
Williams1897,1943
Williams1942,1993
Williams1973,2013
Willis1860,1901
Willis1938,1972
Wilson1863,1903
Wilson1880,1937
Wilson1900,1949
Wilson1900,1955
Wilson1932,1966
Wilson1932,1972
Wilson1966,2013
Wilson1972,2016
Wilson1972,2018
Wilson1980,2016
Wilton1955,1996
Windsor1950,2001
Wise1853,1906
Wise1853,1914
Wood1968,2004
Wood1968,2013
WoodsHarry1947,1990
WoodsRobert1947,1987
Wooldridge1956,1987
Worth1946,1993
Wright1942,1984
Wyatt1952,2010
Wynne1850,1906
Yates1871,1914
Yates1871,1922
Yates1921,1975
Young1936,1974
Young1968,2019
Zahra1973,1998
Zammit1941,1996
Zappia1952,2007
Zimmerman1968,2015
